player,category,year,setName,info,notes,purchaseDate,purchasedFrom,ebaySeller,purchasePrice,gradingCost,psaSubmissionNumber,grade,soldPrice,soldDate
Aaron Judge ,Baseball,2017,Bowman Chrome,RC,ROY Fav. PSA 10,"Nov 3, 2023",Dallas Card Show Nov ‘23,N/A,$47.00,$0.00,,,$60.00,"Feb 24, 2024"
Juan Soto,Baseball,2021,Topps Finest,Auto /50,Purchased as PSA 10,"Dec 23, 2023",Ebay,comc_consigment,$262.50,$0.00,,,$330.00,"Feb 24, 2024"
CJ Abrams,Baseball,2022,Topps Archives,RC,Red Hot Foil /50,"Dec 16, 2023",Lucky 7 Cards Card Show,N/A,$16.00,$16.00,11856606,10,$23.99,"Mar 4, 2024"
Gunnar Henderson,Baseball,2023,Bowman,RC,ROY Favorites,"Nov 3, 2023",Dallas Card Show Nov ‘23,N/A,$5.00,$16.00,11856606,9,$9.71,"Mar 4, 2024"
Marcelo Mayer,Baseball,2022,Leaf Vivid,Auto /35,Sending to PSA,"Nov 11, 2023",Whatnot juicedupbreakz7,N/A,$18.20,$16.00,11856606,9,$16.62,"Mar 4, 2024"
Henry Davis,Baseball,2022,Bowman Chrome,Auto,Prospect,"Dec 16, 2023",Lucky 7 Cards Card Show,N/A,$15.00,$16.00,11856606,9,$33.53,"Mar 4, 2024"
Jazz Chisholm,Baseball,2021,Topps Chrome,RC Auto,1986 Silver Pack Orange 07/25,"Nov 3, 2023",Dallas Card Show Nov ‘23,N/A,$80.00,$16.00,11856606,9,$54.35,"Mar 4, 2024"
Shohei Ohtani,Baseball,2018,Topps Chrome,RC,1983 Topps,"Dec 16, 2023",Lucky 7 Cards Card Show,N/A,$80.00,$16.00,11856606,9,$97.29,"Mar 4, 2024"
Aaron Judge ,Baseball,2017,Topps Chrome ,Rookie,Freshman Flash Insert,"Nov 3, 2023",Dallas Card Show Nov ‘23,N/A,$15.00,$16.00,11856606,10,$45.68,"Mar 11, 2024"
Drew Jones,Baseball,2023,Bowman Chrome,1st Bowman,Speckle Refractor / 299,"Nov 3, 2023",Dallas Card Show Nov ‘23,N/A,$35.00,$16.00,11856606,10,$61.02,"Mar 11, 2024"
Adley Rutschman,Baseball,2023,Topps Chrome,SP Rookie,SP,"Nov 3, 2023",Dallas Card Show Nov ‘23,N/A,$75.00,$16.00,11856606,9,$30.06,"Mar 11, 2024"
Gunnar Henderson,Baseball,2023,Bowman Mega,RC,Purchased as PSA 10,"Nov 3, 2023",Goldin Auction,N/A,$49.02,$0.00,,,$26.06,"Mar 11, 2024"
Bobby Witt Jr.,Baseball,2022,Topps Chrome Black,Rookie Auto,Sent to PSA,"Dec 31, 2023",Ebay,coachruesports,$175.91,$18.00,11895114,10,$350.00,"Mar 15, 2024"
Bobby Witt Jr.,Baseball,2022,Topps,Rookie Auto,1987 - PSA 10,"Dec 4, 2023",Ebay,coachruesports,$259.25,$0.00,,,$350.00,"Mar 15, 2024"
Justin Herbert,Football,2022,Panini Immaculate,Auto /25,RAW,"Dec 16, 2023",Ebay,tridiam-0,$204.00,$0.00,,,$200.00,"Mar 23, 2024"
Corbin Carrol,Baseball,2023,Topps Chrome,SP Rookie,SGC 10 - Crossing over to PSA,"Nov 3, 2023",Dallas Card Show Nov ‘23,N/A,$80.00,$34.00,11934203,10,$127.84,"Apr 7, 2024"
Drew Jones,Baseball,2023,Bowman Mega,1st Bowman,Mojo Base,"Nov 3, 2023",Dallas Card Show Nov ‘23,N/A,$5.00,$0.00,,,$0.00,"Apr 12, 2024"
Shohei Ohtani,Baseball,2022,Topps Chome Platinum,Red Atomic /100,Purchased as PSA 10,"Mar 16, 2024",Dallas Card Show Mar ‘24,N/A,$250.00,$0.00,,,$102.96,"Apr 12, 2024"
Juan Soto,Baseball,2021,Topps Chrome Black,Auto /99,PSA 10,"Nov 20, 2023",Ebay,sellorkeep,$176.62,$0.00,,,$129.18,"Apr 12, 2024"
Enzo Fernandez,Soccer,2023,Panini Obsidian,RC,/115,"Feb 24, 2024",Lucky 7 Cards Rip Night,N/A,$5.00,$21.50,11977765,10,$18.12,"Apr 22, 2024"
Jalen Hurts,Football,2023,Panini Prizm,,Green,"Feb 24, 2024",Lucky 7 Cards Rip Night,N/A,$3.00,$21.50,11977765,10,$18.59,"Apr 22, 2024"
Chris Olave,Football,2022,Leaf Valiant,Auto,"Take it to the House  - Red, White and Blue #/7
","Feb 24, 2024",Lucky 7 Cards Rip Night,N/A,$15.00,$21.50,11977765,10,$29.75,"Apr 22, 2024"
Julian Alvarez,Soccer,2023,Donruss,RC,Silver,"Feb 24, 2024",Lucky 7 Cards Rip Night,N/A,$5.00,$21.50,11977765,10,$33.92,"Apr 22, 2024"
Adley Rutschman,Baseball,2023,Bowman Chrome,RC,ROY Fav. #/99,"Feb 24, 2024",Lucky 7 Cards Rip Night,N/A,$20.00,$21.50,11977765,10,$36.45,"Apr 22, 2024"
Josh Allen,Football,2023,Panini Prizm,,"Red, Blue & White","Feb 24, 2024",Lucky 7 Cards Rip Night,N/A,$2.00,$21.50,11977765,10,$46.56,"Apr 22, 2024"
Logan O’Hoppe,Baseball,2023,Topps Chrome,RC Auto,,"Feb 24, 2024",Lucky 7 Cards Rip Night,N/A,$20.00,$21.50,11977765,10,$52.53,"Apr 22, 2024"
Juan Soto,Baseball,2022,Topps Finest,Auto /25,,"Feb 22, 2024",Ebay,masm_530049,$167.79,$21.50,11977765,10,$190.85,"Apr 22, 2024"
Anthony Volpe,Baseball,2023,Topps Chrome Black,RC,#/10,"Feb 24, 2024",Lucky 7 Cards Rip Night,N/A,$160.00,$21.50,11977765,10,$361.63,"Apr 22, 2024"
Justin Herbert,Football,2021,Panini Phoenix,,Red Laser #/285,"Feb 24, 2024",Lucky 7 Cards Rip Night,N/A,$5.00,$21.50,11977765,9,$15.41,"Apr 22, 2024"
Wyatt Langford,Baseball,2023,Bowman Draft,,Glass Set /150 Mini Diamond,"Feb 24, 2024",Lucky 7 Cards Rip Night,N/A,$35.00,$21.50,11977765,9,$30.48,"Apr 22, 2024"
Aaron Jones,Football,2020,Panini Donruss Optic,,Downtown,"Feb 24, 2024",Lucky 7 Cards Rip Night,N/A,$180.00,$21.50,11977765,9,$231.07,"Apr 22, 2024"
Vaughn Grissom,Baseball,2023,Topps Chrome,RC,Prism,"Feb 24, 2024",Lucky 7 Cards Rip Night,N/A,$5.00,$21.50,11977765,10,$17.78,"Apr 23, 2024"
C.J. Stroud,Football,2023,Panini Prizm,RC,Prize Break Green,"Feb 24, 2024",Lucky 7 Cards Rip Night,N/A,$15.00,$21.50,11977765,10,$54.82,"Apr 23, 2024"
Joe Burrow,Football,2021,Panini Contenders,,Playoff #/199,"Feb 24, 2024",Lucky 7 Cards Rip Night,N/A,$10.00,$21.50,11977765,10,$21.93,"May 6, 2024"
Lamar Jackson,Football,2019,Panini Prizm,#/99,Blue Ice #/99,"Feb 24, 2024",Lucky 7 Cards Rip Night,N/A,$20.00,$21.50,11977765,9,$23.14,"May 6, 2024"
Nolan Gorman,Baseball,2023,Topps Chrome,,Prism Refractor,"Mar 16, 2024",Dallas Card Show Mar ‘24,N/A,$2.00,$18.40,12027612,10,$12.14,"May 6, 2024"
Rafael Devers,Baseball,2023,Topps Chrome Black,,Gold #/50,"Mar 16, 2024",Dallas Card Show Mar ‘24,N/A,$20.00,$18.40,12027612,10,$17.96,"May 6, 2024"
Francisco Lindor,Baseball,2023,Topps Chrome Black,,Gold #/50,"Mar 2, 2024",Ebay,dcsports87user ID,$21.92,$18.40,12027612,10,$18.79,"May 6, 2024"
Adley Rutschman,Baseball,2023,Topps Chrome,,Refractor,"Mar 16, 2024",Dallas Card Show Mar ‘24,N/A,$3.00,$18.40,12027612,10,$19.75,"May 6, 2024"
Francisco Alvarez,Baseball,2023,Topps Cosmic,Gold /50,Extraterrestrial Talent ,"Mar 16, 2024",Dallas Card Show Mar ‘24,N/A,$15.00,$18.40,12027612,10,$24.52,"May 6, 2024"
Xander Bogaerts,Baseball,2022,Topps Chome Platinum,Auto,Green /150,"Mar 16, 2024",Dallas Card Show Mar ‘24,N/A,$20.00,$18.40,12027612,10,$31.43,"May 6, 2024"
Josh Jung,Baseball,2023,Topps Cosmic,,Nucleus Refractor,"Mar 16, 2024",Dallas Card Show Mar ‘24,N/A,$10.00,$18.40,12027612,10,$35.71,"May 6, 2024"
Josh Jung,Baseball,2023,Topps Finest,Auto,,"Mar 15, 2024",Dallas Card Show Mar ‘24,N/A,$40.00,$18.40,12027612,10,$48.47,"May 6, 2024"
Anthony Volpe,Baseball,2023,Topps Chrome Black,,Refractor #/199,"Mar 15, 2024",Dallas Card Show Mar ‘24,N/A,$20.00,$18.40,12027612,10,$58.05,"May 6, 2024"
Ha-Seong Kim,Baseball,2022,Topps Chrome Black,Auto,Green /99,"Mar 16, 2024",Dallas Card Show Mar ‘24,N/A,$15.00,$18.40,12027612,10,$60.44,"May 6, 2024"
Michael Harris,Baseball,2023,Bowman’s Best,Auto,,"Mar 15, 2024",Dallas Card Show Mar ‘24,N/A,$50.00,$18.40,12027612,10,$75.32,"May 6, 2024"
Shohei Ohtani,Baseball,2022,Topps Chrome Black,,Orange /25,"Mar 15, 2024",Dallas Card Show Mar ‘24,N/A,$100.00,$18.40,12027612,10,$140.34,"May 6, 2024"
Anthony Volpe,Baseball,2023,Topps,Auto,1988 Design,"Mar 15, 2024",Dallas Card Show Mar ‘24,N/A,$150.00,$18.40,12027612,10,$220.06,"May 6, 2024"
Nolan Gorman,Baseball,2023,Topps Chrome,,Prism Refractor,"Mar 16, 2024",Dallas Card Show Mar ‘24,N/A,$2.00,$18.40,12027612,9,$0.10,"May 6, 2024"
Francisco Alvarez,Baseball,2023,Topps Chrome,,Sepia,"Mar 16, 2024",Dallas Card Show Mar ‘24,N/A,$3.00,$18.40,12027612,9,$5.20,"May 6, 2024"
Riley Greene,Baseball,2023,Topps Chrome,,Prism Refractor,"Mar 16, 2024",Dallas Card Show Mar ‘24,N/A,$2.50,$18.40,12027612,9,$6.15,"May 6, 2024"
Gabi Moreno,Baseball,2023,Topps Finest,Auto /150,Purchased as SGC 10,"Mar 16, 2024",Dallas Card Show Mar ‘24,N/A,$25.00,$18.40,12027612,9,$8.66,"May 6, 2024"
Shohei Ohtani,Baseball,2023,Bowman’s Best,,/299,"Mar 16, 2024",Dallas Card Show Mar ‘24,N/A,$15.00,$18.40,12027612,9,$15.16,"May 6, 2024"
Rafael Devers,Baseball,2022,Topps Cosmic,,Orange #/25,"Mar 16, 2024",Dallas Card Show Mar ‘24,N/A,$20.00,$18.40,12027612,9,$20.18,"May 6, 2024"
Sebastian Walcott,Baseball,2023,Bowman Chrome,,Pink /199,"Mar 15, 2024",Dallas Card Show Mar ‘24,N/A,$60.00,$18.40,12027612,9,$29.63,"May 6, 2024"
Druw Jones,Baseball,2023,Bowman Serling,Auto,/150,"Mar 15, 2024",Dallas Card Show Mar ‘24,N/A,$30.00,$18.40,12027612,9,$34.84,"May 6, 2024"
Bernie Williams,Baseball,2023,Topps Chrome Black,Auto,Orange /25,"Mar 15, 2024",Dallas Card Show Mar ‘24,N/A,$60.00,$18.40,12027612,9,$35.29,"May 6, 2024"
CJ Stroud,Baseball,2023,Panini Mosaic,,Blue,"Mar 15, 2024",Dallas Card Show Mar ‘24,N/A,$50.00,$18.40,12027612,9,$35.65,"May 6, 2024"
Ceddanne Rafaela,Baseball,2022,Bowman Chrome,Auto,1st Bowman,"Mar 16, 2024",Dallas Card Show Mar ‘24,N/A,$50.00,$18.40,12027612,9,$51.26,"May 6, 2024"
Michael Harris,Baseball,2023,Bowman’s Best,Auto,Shellacked /250,"Mar 15, 2024",Dallas Card Show Mar ‘24,N/A,$80.00,$18.40,12027612,9,$58.71,"May 6, 2024"
Jose Altuve,Baseball,2019,Topps Finest,Auto #/5,,"Mar 5, 2024",COMC,N/A,$76.23,$18.40,12027612,9,$87.29,"May 6, 2024"
CJ Abrams,Baseball,2022,Topps Chrome Black,Auto,Orange /25,"Mar 16, 2024",Dallas Card Show Mar ‘24,N/A,$75.00,$18.40,12027612,9,$95.83,"May 6, 2024"
Francisco Alvarez,Baseball,2023,Bowman Chrome,Auto,Gold #/50,"Mar 16, 2024",Dallas Card Show Mar ‘24,N/A,$200.00,$18.40,12027612,9,$96.39,"May 6, 2024"
Juan Soto,Baseball,2020,Topps Chrome Black,Auto #/25,Orange #/25,"Mar 4, 2024",Ebay,swandsonssportscards,$115.50,$18.40,12027612,9,$102.72,"May 6, 2024"
Julio Rodriguez,Baseball,2022,Topps Stadium Club,RC,Sepia,"Nov 3, 2023",Dallas Card Show Nov ‘23,N/A,$20.00,$0.00,,,$4.75,"May 13, 2024"
Jarred Kelenic,Baseball,2021,Topps Chome Platinum,Auto,/15,"Mar 15, 2024",Dallas Card Show Mar ‘24,N/A,$220.00,$18.40,12027612,10,$321.18,"May 15, 2024"
Jake Burger,Baseball,2023,Topps Chrome Black,RC Auto,#/99,"Feb 24, 2024",Lucky 7 Cards Rip Night,N/A,$15.00,$21.50,11977765,6,$9.50,"May 24, 2024"
Jordan Walker,Baseball,2023,Topps Chrome,SP Rookie,PSA 8 - Cracked - Sent to COMC,"Jan 10, 2024",Whatnot,N/A,$32.37,$18.00,11895114,,$17.38,"May 25, 2024"
Fernando Tatis,Baseball,2023,Topps Archives,,Blue Foilboard #/25,"Feb 24, 2024",Lucky 7 Cards Rip Night,N/A,$30.00,$21.50,11977765,8,$3.50,"May 25, 2024"
Sammy Sosa,Baseball,2023,Topps Pristin,#/25,Orange #/25,"Mar 11, 2024",Ebay,dcsports87,$14.32,$18.36,12044769,10,$10.33,"May 26, 2024"
James Wood,Baseball,2023,Bowman Chrome,,Shimmer,"Mar 24, 2024",Austin Card Show,N/A,$2.50,$18.36,12044769,10,$19.29,"May 26, 2024"
Max Clark ,Baseball,2023,Bowman Chrome,,Refractor,"Mar 23, 2024",Austin Card Show,N/A,$2.00,$18.36,12044769,10,$35.29,"May 26, 2024"
CJ Stroud,Baseball,2023,Panini Prizm,Green,Prizmatic,"Mar 18, 2024",Ebay,mc_sportscards,$27.80,$18.36,12044769,10,$62.02,"May 26, 2024"
Gabriel Moreno,Baseball,2023,Topps Chrome,RC Auto,Purple Shimmer /299,"Mar 23, 2024",Austin Card Show,N/A,$40.00,$18.36,12044769,9,$15.66,"May 26, 2024"
Patrick Mahomes,Football,2020,Panini Phoenix,,Teal /175,"Mar 23, 2024",Austin Card Show,N/A,$15.00,$18.36,12044769,9,$21.45,"May 26, 2024"
Riley Greene,Baseball,2023,Topps Cosmic,,,"Mar 23, 2024",Austin Card Show,N/A,$10.00,$18.36,12044769,10,$13.63,"May 27, 2024"
Michael Harris,Baseball,2023,Topps Finest Flashbacks,,Phenoms,"Mar 24, 2024",Austin Card Show,N/A,$2.50,$18.36,12044769,10,$15.40,"May 27, 2024"
Starling Marte,Baseball,2023,Topps Chrome Black,Auto,Gold #/50,"Mar 23, 2024",Austin Card Show,N/A,$20.00,$18.36,12044769,10,$17.25,"May 27, 2024"
Gunnar Henderson,Baseball,2023,Topps Chrome Black,,,"Mar 23, 2024",Austin Card Show,N/A,$10.00,$18.36,12044769,10,$39.90,"May 27, 2024"
Lionel Messi,Soccer,2022,Topps Merlin,,Yellow Wave /225,"Mar 23, 2024",Austin Card Show,N/A,$25.00,$18.36,12044769,10,$42.55,"May 27, 2024"
Brett Baty,Baseball,2023,Topps Chrome,Auto,Aqua Wave /199,"Mar 24, 2024",Austin Card Show,N/A,$35.00,$18.36,12044769,10,$42.57,"May 27, 2024"
Patrick Mahomes,Football,2020,Panini Phoenix,,Purple /149,"Mar 23, 2024",Austin Card Show,N/A,$15.00,$18.36,12044769,10,$46.76,"May 27, 2024"
Gunnar Henderson,Baseball,2023,Bowman Chrome Saphire,,,"Mar 23, 2024",Austin Card Show,N/A,$10.00,$18.36,12044769,10,$58.78,"May 27, 2024"
Bobby Miller,Baseball,2023,Topps Chrome Sapphire,,Gold #/50,"Mar 24, 2024",Austin Card Show,N/A,$40.00,$18.36,12044769,10,$65.22,"May 27, 2024"
Joendry Vargas,Baseball,2023,Bowman Chrome,Auto,,"Mar 23, 2024",Austin Card Show,N/A,$40.00,$18.36,12044769,10,$88.48,"May 27, 2024"
Bryce Harper,Baseball,2023,Topps Chrome Black,,Mini Gold Diamond #/50,"Mar 23, 2024",Austin Card Show,N/A,$20.00,$18.36,12044769,10,$108.40,"May 27, 2024"
Adley Rutschman,Baseball,2023,Topps Chrome Black,Auto,Gold #/50,"Mar 23, 2024",Austin Card Show,N/A,$40.00,$18.36,12044769,10,$109.43,"May 27, 2024"
Justin Verlander,Baseball,2023,Topps Chrome,,All Aces #/299,"Mar 23, 2024",Austin Card Show,N/A,$2.00,$18.36,12044769,9,$3.15,"May 27, 2024"
Trevor Lawrence,Baseball,2023,Panini Mosaic,Orange /199,,"Mar 18, 2024",Ebay,mc_sportscards,$10.86,$18.36,12044769,9,$7.65,"May 27, 2024"
Lionel Messi,Soccer,2020,Topps Merlin,,Atomic /250,"Mar 23, 2024",Austin Card Show,N/A,$25.00,$18.36,12044769,9,$22.83,"May 27, 2024"
Bryce Harper,Baseball,2022,Topps Finest,Auto /25,Beam Team,"Mar 19, 2024",Ebay,dcsports87,$271.18,$18.36,12044769,9,$224.40,"May 27, 2024"
Gunnar Henderson,Baseball,2023,Topps Now,Rookie,06/25 / Card 532,"Nov 3, 2023",Dallas Card Show Nov ‘23,N/A,$20.00,$16.00,11856606,8,$30.00,"May 28, 2024"
Mike Trout,Baseball,2023,Topps Chrome Black,Auto /5,Sent Ivory,"Jan 24, 2024",Ebay,zach1813,$654.91,$36.40,12044769,9,$624.32,"Jun 14, 2024"
Bryce Harper,Baseball,2023,Bowman’s Best,,Red /10,"Mar 16, 2024",Dallas Card Show Mar ‘24,N/A,$40.00,$18.40,12027612,10,$137.53,"Jun 16, 2024"
Manny Machado,Baseball,2023,Topps Chrome,Auto /50,Topps in Technicolor,"Mar 15, 2024",Dallas Card Show Mar ‘24,N/A,$55.00,$18.40,12027612,9,$40.68,"Jun 16, 2024"
Michael Harris,Baseball,2023,Topps Cosmic,Nucleus,,"Mar 14, 2024",Ebay,sliverofwisdom,$20.84,$18.36,12044769,10,$19.57,"Jun 16, 2024"
Riley Greene,Baseball,2023,Topps Chrome Black,,Rookie Variation,"Mar 18, 2024",Ebay,mc_sportscards,$7.67,$18.36,12044769,10,$19.73,"Jun 16, 2024"
Riley Greene,Baseball,2023,Topps Chrome Black,,Rookie Variation,"Mar 18, 2024",Ebay,mc_sportscards,$7.67,$18.36,12044769,10,$19.73,"Jun 16, 2024"
Ronald Acuna,Baseball,2023,Topps Chome Platinum,,Yellow Ray Wave /250,"Mar 23, 2024",Austin Card Show,N/A,$20.00,$18.36,12044769,10,$23.50,"Jun 16, 2024"
Ronald Acuna,Baseball,2023,Topps Chome Platinum,,Yellow Ray Wave /250,"Mar 23, 2024",Austin Card Show,N/A,$20.00,$18.36,12044769,10,$23.50,"Jun 16, 2024"
George Springer,Baseball,2023,Topps Cosmic,Auto /10,Black Eclipse,"Mar 14, 2024",Ebay,mrobichauuser,$55.37,$18.36,12044769,10,$48.48,"Jun 16, 2024"
Sal Frelick,Baseball,2024,Topps Chrome Black,,Rookie Veriation,"Apr 21, 2024",Ebay,Phillyscott,$36.16,$18.95,12117237,10,$28.55,"Jun 16, 2024"
Sal Frelick,Baseball,2024,Topps Chrome Black,,Rookie Veriation,"Apr 21, 2024",Ebay,Phillyscott,$36.16,$18.95,12117237,10,$28.55,"Jun 16, 2024"
Adley Rutschman,Baseball,2023,Topps Chrome Black,,Refractor #/199,"Mar 30, 2024",Ebay,dcsports87,$24.00,$18.95,12117237,10,$39.25,"Jun 16, 2024"
Ezequiel Tovar,Baseball,2023,Topps Chrome Black,,Gold #/50,"Mar 30, 2024",Ebay,dcsports87,$17.11,$18.95,12117237,10,$57.80,"Jun 16, 2024"
Masataka Yoshida,Baseball,2023,Topps Chrome Black,,Red #/5,"Apr 7, 2024",Ebay,bigfil108,$86.85,$18.95,12117237,10,$61.15,"Jun 16, 2024"
Micah Parsons,Football,2021,Panini Phoenix,,Teal /150,"Mar 30, 2024",Ebay,dcsports87,$19.00,$18.95,12117237,10,$61.40,"Jun 16, 2024"
Colton Cowser,Baseball,2024,Topps Chrome Black,Auto,Refractor #/150,"Apr 16, 2024",Ebay,benjbusta_48,$136.17,$18.95,12117237,10,$114.28,"Jun 16, 2024"
Alejandro Garnacho,Soccer,2023-24,Panini Priam Premier League,,Manga,"Apr 11, 2024",Ebay,murozond,$149.11,$18.95,12117237,10,$118.82,"Jun 16, 2024"
Anthony Richardson,Football,2023,Panini Obsidian,,Purple Etch #/75,"Apr 15, 2024",Ebay,evedel29,$60.74,$18.95,12117237,10,$122.07,"Jun 16, 2024"
CJ Stroud,Football,2023,Panini Phoenix,,Orange #/99,"Apr 7, 2024",Ebay,lomb6143,$170.87,$18.95,12117237,10,$260.64,"Jun 16, 2024"
Erling Haaland,Soccer,2023-24,Topps UCC,,Blue Inferno #/125,"Apr 11, 2024",Ebay,murozond,$29.96,$18.95,12117237,9,$12.66,"Jun 16, 2024"
Erling Haaland,Soccer,2023-24,Topps UCC,,Blue Inferno #/125,"Apr 11, 2024",Ebay,murozond,$29.96,$18.95,12117237,9,$12.66,"Jun 16, 2024"
Lionel Messi,Soccer,2023-24,Topps Chrome UEFA Sapphire,,Variation,"Apr 11, 2024",Ebay,murozond,$15.32,$18.95,12117237,9,$13.32,"Jun 16, 2024"
Lionel Messi,Soccer,2023-24,Topps Chrome UEFA Sapphire,,Variation,"Apr 11, 2024",Ebay,murozond,$15.32,$18.95,12117237,9,$13.32,"Jun 16, 2024"
Kylian Mbappe,Soccer,2023-24,Topps Simplicidad,,$/99,"Apr 11, 2024",Ebay,murozond,$18.83,$18.95,12117237,9,$17.57,"Jun 16, 2024"
Kylian Mbappe,Soccer,2023-24,Topps Simplicidad,,$/99,"Apr 11, 2024",Ebay,murozond,$18.83,$18.95,12117237,9,$17.57,"Jun 16, 2024"
Lionel Messi,Soccer,2021-22,Topps Chrome UEFA,,Blue #/150,"Apr 11, 2024",Ebay,murozond,$24.26,$18.95,12117237,9,$18.36,"Jun 16, 2024"
Michael Harris,Baseball,2023,Topps Chrome Black,Auto /150,,"Apr 2, 2024",Ebay,lomb6143,$110.19,$18.95,12117237,9,$35.57,"Jun 16, 2024"
Elijah Green,Baseball,2023,Bowman’s Best,Auto,,"Mar 16, 2024",Dallas Card Show Mar ‘24,N/A,$25.00,$18.40,12027612,5,$7.62,"Jun 17, 2024"
Gunnar Henderson,Baseball,2023,Bowman Chrome,Mega Box,Gold #/50,"Mar 15, 2024",Dallas Card Show Mar ‘24,N/A,$160.00,$18.40,12027612,7,$76.15,"Jun 17, 2024"
Riley Greene,Baseball,2023,Topps Chrome,,Prism Refractor,"Mar 16, 2024",Dallas Card Show Mar ‘24,N/A,$2.50,$18.40,12027612,8,$0.63,"Jun 17, 2024"
Junior Caminero,Baseball,2023,Bowman’s Best,Auto,Shellacked,"Mar 16, 2024",Dallas Card Show Mar ‘24,N/A,$75.00,$18.40,12027612,8,$35.56,"Jun 17, 2024"
Jordan Lawlar,Baseball,2024,Topps Series 1,,Silver Pack `89,"Mar 24, 2024",Austin Card Show,N/A,$5.00,$18.36,12044769,8,$2.41,"Jun 17, 2024"
Shohei Ohtani,Baseball,2023,Topps Logofractor,,,"Mar 23, 2024",Austin Card Show,N/A,$16.00,$18.36,12044769,8,$11.73,"Jun 17, 2024"
Jackson Chourio,Baseball,2023,Bowman’s Best,,Red /10,"Mar 23, 2024",Austin Card Show,N/A,$80.00,$18.36,12044769,8,$115.25,"Jun 17, 2024"
Francisco Alvarez,Baseball,2023,Topps Chrome,Auto,SCRATCHED,"Mar 16, 2024",Dallas Card Show Mar ‘24,N/A,$50.00,$0.00,,,$28.76,"Jun 17, 2024"
Juan Soto,Baseball,2022,Topps Stadium Club,Auto,,"Mar 15, 2024",Dallas Card Show Mar ‘24,N/A,$100.00,$18.36,12044769,10,$188.77,"Jul 3, 2024"
Bryce Harper,Baseball,2023,Topps Transcendent,Auto,#/15,"Apr 14, 2024",Ebay,diver140140 ,$248.55,$18.95,12117237,10,$350.00,"Jul 5, 2024"
Miguel Cabrera,Baseball,2023,Topps Update,Auto #/50,88 AllStar,"Feb 24, 2024",Lucky 7 Cards Rip Night,N/A,$75.00,$21.50,11977765,8,$63.02,"Jul 10, 2024"
Juan Soto,Baseball,2023,Topps Chrome Black,Auto #/25,Ivory Gold Trim,"Mar 5, 2024",Ebay,sdvintagecards,$227.70,$18.40,12027612,10,$350.00,"Jul 15, 2024"
Jasson Dominguez,Baseball,2024,Bowman,,Sportlight Mini Diamond /150,"Jun 4, 2024",Ebay,Greenmachine66,$76.98,$20.08,12220534,9,$32.04,"Aug 12, 2024"
Walker Jenkins,Baseball,2024,Bowman,,Blue Wave /150,"May 27, 2024",Ebay,kingstunterentertainment,$86.11,$20.08,12220534,9,$39.98,"Aug 12, 2024"
Colton Cowser,Baseball,2024,Bowman,Auto,Blue /150,"May 27, 2024",Ebay,Hawkeyecardsandtoys,$142.34,$20.08,12220534,9,$79.26,"Aug 12, 2024"
Walker Jenkins,Baseball,2024,Bowman,Auto,,"Jun 3, 2024",Ebay,kn_644365,$192.52,$20.08,12220534,9,$129.94,"Aug 12, 2024"
Lamine Yamal,Soccer,2023-24,Topps Finest UCC,,Prized Footballers Purple /299,"Jun 27, 2024",Ebay,murozond,$35.10,$21.26,12268341,10,$73.68,"Aug 12, 2024"
Endrick,Soccer,2023-24,Panini Donruss Optic,,Holo,"Jun 27, 2024",Ebay,murozond,$34.01,$21.26,12268341,10,$91.38,"Aug 12, 2024"
Pedri,Soccer,2023-24,Topps Finest UCC,,Prized Footballers Red /5,"Jun 27, 2024",Ebay,murozond,$121.64,$21.26,12268341,10,$120.07,"Aug 12, 2024"
Lamine Yamal,Soccer,2023-24,Topps UCC,Auto,Ultimate Stage,"May 27, 2024",Ebay,murozond,$345.31,$131.09,12268341,10,$704.67,"Aug 12, 2024"
Lamine Yamal,Soccer,2023-24,Topps Finest UCC,,Purple /299,"Jun 27, 2024",Ebay,murozond,$39.46,$21.26,12268341,9,$34.47,"Aug 12, 2024"
Dylan Crews,Baseball,2024,Bowman,Auto,,"Jun 11, 2024",Ebay,metaverse_cards,$206.21,$21.26,12268341,9,$153.32,"Aug 12, 2024"
Walker Jenkins,Baseball,2024,Bowman,,Refractor,"May 27, 2024",Ebay,kingstunterentertainment,$48.63,$20.08,12220534,10,$63.45,"Aug 25, 2024"
Dylan Crews,Baseball,2024,Bowman,,Speckle /299,"Jun 4, 2024",Ebay,marcuslawncare,$83.75,$20.08,12220534,10,$151.77,"Aug 25, 2024"
Lamine Yamal,Soccer,2023-24,Topps Finest UCC,,Sky Blue /275,"Jun 27, 2024",Ebay,murozond,$43.81,$21.26,12268341,10,$95.47,"Aug 25, 2024"
Lamine Yamal,Soccer,2023-24,Topps Finest UCC,,Blue Aqua Vaporwave /250,"Jun 27, 2024",Ebay,murozond,$32.93,$21.26,12268341,9,$56.44,"Aug 25, 2024"
Lamine Yamal,Soccer,2023-24,Topps Finest UCC,Auto,Refractor,"Jun 27, 2024",Ebay,murozond,$247.36,$21.26,12268341,9,$437.61,"Aug 25, 2024"
Pedri,Soccer,2023-24,Panini Donruss,,Night Moves,"Jun 27, 2024",Ebay,murozond,$38.37,$21.26,12268341,8,$15.00,"Sep 1, 2024"
Lionel Messi,Soccer,2022,Panini World Cup ,,Ice - CRACKED ,"Apr 21, 2024",Ebay,murozond,$141.54,$20.08,12220534,8,$66.06,"Sep 9, 2024"
Ronaldinho,Soccer,2023-24,Topps Finest UEFA,SSP,Idols Silver,"Jun 10, 2024",Ebay,murozond,$263.22,$21.26,12268341,10,$386.39,"Sep 9, 2024"
Luisangel Acuna,Baseball,2023,Bowman Chrome,Orange /25,Scout’s Top 100,"Mar 20, 2024",Ebay,mc_sportscards,$15.28,$18.36,12044769,10,$58.54,"Sep 23, 2024"
Andruw Jones,Baseball,2023,Topps Chrome Black,Auto,,"Jul 11, 2024",Ebay,Dcsports87,$19.47,$20.63,12344355,10,$36.61,"Sep 29, 2024"
Arda Guler,Soccer,2023-24,Panini Donruss Optic,,Red /299,"Jul 29, 2024",Ebay,murozond,$50.49,$20.63,12344355,10,$48.44,"Sep 29, 2024"
Elly De La Cruz,Baseball,2024,Bowman,,Neon Green /399,"Jul 5, 2024",Dallas Card Show Jul ‘24,N/A,$35.00,$20.63,12344355,10,$65.49,"Sep 29, 2024"
Nico Williams,Soccer,2024,Topps Finest Euro,,Auto,"Jul 29, 2024",Ebay,murozond,$69.01,$20.63,12344355,10,$77.53,"Sep 29, 2024"
Cole Palmer,Soccer,2021-22,Topps Chrome,,Blue /150,"Jul 11, 2024",Ebay,murozond,$45.83,$20.63,12344355,10,$135.51,"Sep 29, 2024"
Christian Encarnacion-Strand,Baseball,2024,Bowman,Auto,/499,"Jul 5, 2024",Dallas Card Show Jul ‘24,N/A,$15.00,$20.63,12344355,9,$7.64,"Sep 29, 2024"
Arda Guler,Soccer,2023-24,Panini Donruss Optic,,Red /299,"Jul 29, 2024",Ebay,murozond,$38.51,$20.63,12344355,9,$17.57,"Sep 29, 2024"
Lionel Messi,Soccer,2023-24,Panini Donruss Optic,,Ice,"Jul 11, 2024",Ebay,murozond,$24.77,$20.63,12344355,9,$23.49,"Sep 29, 2024"
Jarren Duran,Baseball,2023,Topps World Baseball Classic,Auto,Cracked ice /99,"Jul 5, 2024",Dallas Card Show Jul ‘24,N/A,$15.00,$20.63,12344355,9,$27.82,"Sep 29, 2024"
Robert Lewandowski,Soccer,2022,Prism World Cup,,Manga,"Jul 11, 2024",Ebay,Dcsports87,$59.38,$20.63,12344355,9,$46.63,"Sep 29, 2024"
Pete Crow-Armstrong,Baseball,2024,Topps Chrome Black,Auto,Refractor /150,"Jul 5, 2024",Dallas Card Show Jul ‘24,N/A,$35.00,$20.63,12344355,9,$50.83,"Sep 29, 2024"
Endrick,Soccer,2023-24,Panini Donruss,,Teal /199,"Jul 11, 2024",Ebay,murozond,$95.94,$20.63,12344355,9,$55.24,"Sep 29, 2024"
Jason Dominguez,Baseball,2024,Topps,Auto,1989 Design,"Jul 5, 2024",Dallas Card Show Jul ‘24,N/A,$120.00,$20.63,12344355,9,$94.29,"Sep 29, 2024"
Lamine Yamal,Soccer,2023-24,Topps Finest UEFA,,Ferris Wheel /135,"Jul 29, 2024",Ebay,murozond,$74.45,$20.63,12344355,9,$44.74,"Oct 1, 2024"
Lamine Yamal,Soccer,2023-24,Panini Donruss Optic,,Blue /99,"Jul 29, 2024",Ebay,murozond,$246.54,$20.63,12344355,9,$134.51,"Oct 1, 2024"
Gunnar Henderson,Baseball,2020,Bowman Chrome ,,Refractor /499,"Jul 11, 2024",Ebay,Dcsports87,$23.81,$20.63,12344355,9,$2.20,"Oct 4, 2024"
Alejandro Garnacho,Soccer,2023-24,Panini Priam Premier League,,Manga,"Apr 11, 2024",Ebay,murozond,$111.64,$18.95,12117237,10,$168.28,"Oct 10, 2024"
Endrick,Soccer,2023-24,Panini Donruss,,Rookie Kings,"Aug 6, 2024",Ebay,murozond,$18.58,$21.26,12420066,10,$58.59,"Oct 27, 2024"
Christian Pulisic,Soccer,2024,Panini Prism Copa America,,National Landmarks,"Aug 12, 2024",Ebay,murozond,$213.97,$21.26,12420066,9,$138.95,"Oct 27, 2024"
CJ Stroud,Football,2023,Panini Obsidian,Orbital ,/135 (CRACKED),"Jul 5, 2024",Dallas Card Show Jul ‘24,N/A,$140.00,$20.63,12344355,8,$64.46,"Oct 28, 2024"
Gunnar Henderson,Baseball,2023,Topps Stadium Club,,SP Image Variation,"Jul 5, 2024",Dallas Card Show Jul ‘24,N/A,$140.00,$20.63,12344355,8,$127.36,"Oct 28, 2024"
Endrick,Soccer,2024,Panini Prism Copa America,Insert,Phenomenon ,"Aug 12, 2024",Ebay,murozond,$28.13,$21.26,12420066,10,$31.03,"Oct 28, 2024"
Lamine Yamal,Soccer,2023-24,Topps Chrome UEFA,,Purple Ray Wave /175,"Aug 12, 2024",Ebay,murozond,$143.41,$21.26,12420066,10,$192.60,"Oct 28, 2024"
Erling Halend,Soccer,2021,Topps Chrome UEFA,,Neon Green Wave /99,"Aug 12, 2024",Ebay,murozond,$28.12,$21.26,12420066,9,$19.33,"Oct 28, 2024"
Lamine Yamal,Soccer,2023-24,Topps Chrome,,Youthquake,"Aug 6, 2024",Ebay,murozond,$54.29,$21.26,12420066,9,$30.20,"Oct 28, 2024"
Erling Halend,Soccer,2023-24,Panini Select Premier League,,Tie-Dye /49,"Aug 12, 2024",Ebay,murozond,$63.00,$21.26,12420066,9,$30.69,"Oct 28, 2024"
Lamine Yamal,Soccer,2023-24,Panini Donruss Optic,,Red /299,"Aug 6, 2024",Ebay,murozond,$146.27,$21.26,12420066,9,$33.65,"Oct 28, 2024"
Mohamed Salah,Soccer,2023-24,Topps Finest UEFA,,Prized Footballers Red Green /30,"Aug 6, 2024",Ebay,murozond,$59.57,$21.26,12420066,9,$39.57,"Oct 28, 2024"
Yordan Alvarez,Baseball,2024,Topps Chrome Black,Auto,Gold /50,"Jul 5, 2024",Dallas Card Show Jul ‘24,N/A,$40.00,$20.63,12344355,8,$52.29,"Oct 31, 2024"
Jackson Holliday,Baseball,2024,Bowman,Prospect Power-Up,Orange /25,"Jul 5, 2024",Dallas Card Show Jul ‘24,N/A,$45.00,$20.63,12344355,10,$34.98,"Nov 17, 2024"
Arda Guler,Soccer,2023-24,Panini Select,,Winter Camo /99,"Jul 11, 2024",Ebay,murozond,$67.69,$20.63,12344355,10,$81.57,"Nov 17, 2024"
Cristiano Ronaldo,Soccer,2021,Mosaic UEFA,,Peacock,"Aug 12, 2024",Ebay,murozond,$177.13,$21.26,12420066,10,$216.61,"Nov 17, 2024"
Arda Guler,Soccer,2022-23,Topps Merlin,,Vintage,"Aug 6, 2024",Ebay,murozond,$21.64,$21.26,12420066,9,$15.88,"Nov 17, 2024"
Lamine Yamal,Soccer,2023-24,Panini Donruss Optic,,Holo,"Aug 6, 2024",Ebay,murozond,$41.24,$21.26,12420066,9,$17.53,"Nov 17, 2024"
Lamine Yamal,Soccer,2023-24,Topps Finest UEFA,,Prized Footballers Red Purple /60,"Aug 6, 2024",Ebay,murozond,$136.47,$21.26,12420066,9,$114.64,"Nov 17, 2024"
Jackson Holliday,Baseball,2024,Topps Finest,,Finest Rookies Orange /25,"Aug 24, 2024",Ebay,r_rsportscards,$137.14,$21.26,12420066,9,$34.98,"Nov 17, 2024"
Lamine Yamal,Soccer,2023-24,Topps Chrome Sapphire UEFA,,Wonderkids,"Sep 18, 2024",Ebay,murozond,$40.69,$21.26,12469792,10,$48.05,"Nov 17, 2024"
Kendry Paez,Soccer,2024,Panini Prism Copa America,,Blue /110,"Sep 18, 2024",Ebay,murozond,$60.29,$21.26,12469792,10,$99.11,"Nov 17, 2024"
Lamine Yamal,Soccer,2023-24,Topps Chrome Sapphire UEFA,,Image Variation,"Sep 18, 2024",Ebay,murozond,$71.99,$21.26,12469792,10,$108.57,"Nov 17, 2024"
Lamine Yamal,Soccer,2023-24,Topps Chrome Sapphire UEFA,,Wonderkids,"Sep 18, 2024",Ebay,murozond,$31.24,$21.26,12469792,9,$14.25,"Nov 17, 2024"
Colton Cowser,Baseball,2024,Topps Chrome,Auto,,"Aug 12, 2024",Ebay,hoodyscollectibles,$40.06,$21.26,12469792,9,$34.42,"Nov 17, 2024"
Jackson Merrill,Baseball,2024,Topps Chrome,,SP Image Variation,"Aug 24, 2024",Ebay,scccards,$200.79,$21.26,12469792,9,$100.78,"Nov 17, 2024"
Lamine Yamal,Soccer,2023-24,Topps Chrome Sapphire UEFA,,Image Variation,"Nov 12, 2024",Ebay,murozond,$67.27,$21.17,12630353,,$108.57,"Nov 17, 2024"
Andrew McCutchen,Baseball,2022,Topps Cosmic Chrome,,Gold /50,"Jul 5, 2024",Dallas Card Show Jul ‘24,N/A,$10.00,$20.63,12344355,7,$0.00,"Nov 20, 2024"
Lamine Yamal,Soccer,2023-24,Topps UEFA,RC ,Ultimate Stage Blue /150 It was paid as lost Item (Add 100$),"Apr 24, 2024",Ebay,vyrus_card_co,$170.32,$21.26,12469792,10,$331.00,"Nov 22, 2024"
Jason Dominguez,Baseball,2024,Bowman,,Gladiators of Diamond Orange /25,"Jul 11, 2024",Ebay,dcsports87,$85.75,$20.63,12344355,10,$180.00,"Dec 14, 2024"
Christian Pulisic,Soccer,2024,Panini Prism Copa America,,National Landmarks,"Sep 18, 2024",Ebay,murozond,$122.92,$21.26,12469792,10,$322.37,"Dec 15, 2024"
Lionel Messi,Soccer,2023-24,Panini Select,,Artistic Impressions Case Hit,"Sep 18, 2024",Ebay,murozond,$147.97,$21.26,12469792,8,$62.76,"Jan 5, 2025"
Jackson Chourio,Baseball,2024,Topps Update,,Gold /2024,"Nov 14, 2024",Ebay,beck_cards_31023,$51.27,$0.00,,,$28.76,"Jan 5, 2025"
Lamine Yamal,Soccer,2023-24,Topps Finest UCC,Auto,Blue /150,"Jun 10, 2024",Ebay,murozond,$311.33,$76.08,12268341,10,$988.00,"Feb 2, 2025"
Lamine Yamal,Soccer,2023-24,Panini Donruss,,Rookie Kings,"Aug 6, 2024",Ebay,murozond,$35.79,$21.26,12420066,10,$55.00,"Feb 2, 2025"
Lamine Yamal,Soccer,2023-24,Topps Chrome Sapphire UEFA,,Wonderkids,"Sep 18, 2024",Ebay,murozond,$31.24,$21.26,12469792,10,$55.00,"Feb 2, 2025"
Colton Cowser,Baseball,2024,Topps Chrome,Auto,,"Aug 12, 2024",Ebay,hoodyscollectibles,$40.06,$21.26,12469792,9,$44.00,"Feb 2, 2025"
Oneil Cruz,Baseball,2022,Topps,SSP Rookie,PSA 10,"Nov 3, 2023",Dallas Card Show Nov ‘23,N/A,$330.00,$0.00,,,$98.00,"Feb 2, 2025"
Paul Skenes,Baseball,2024,Topps Chrome Update,,Image Variation,"Nov 25, 2024",Ebay,kit519,$192.54,$21.17,12630353,10,$348.30,"Mar 9, 2025"
Victor Wembanyama,Basketball,2023-24,Panini Spectra,,,"Nov 12, 2024",Ebay,murozond,$41.11,$21.17,12630353,10,$39.48,"Mar 9, 2025"
Lamine Yamal,Soccer,2023-24,Topps Chrome Sapphire,,SP - Image Variation,"Nov 12, 2024",Ebay,murozond,$62.63,$21.17,12630353,10,$120.40,"Mar 9, 2025"
Jason Dominguez,Baseball,2024,Topps Cosmic Chrome,,Auto,"Nov 16, 2024",Ebay,tejasb05,$139.95,$21.17,12630353,10,$155.23,"Mar 9, 2025"
Francesco Camarda,Soccer,2024,Topps Stadium Club,,Auto,"Nov 17, 2024",Ebay,twolucky,$43.30,$21.17,12630353,10,$56.28,"Mar 9, 2025"
Christian Pulisic,Soccer,2023-24,Panini Select,,Tie Dye /30,"Oct 2, 2024",Ebay,wangncaa,$32.54,$21.17,12630353,10,$68.04,"Mar 9, 2025"
Christian Pulisic,Soccer,2023-24,Panini Obsidian,,Black Color Blast,"Nov 17, 2024",Ebay,dcsports87,$211.36,$21.17,12630353,9,$165.55,"Mar 9, 2025"
Alphonso Davies,Soccer,2024,Panini Prism Copa America,,National Landmarks,"Nov 12, 2024",Ebay,murozond,$75.99,$21.17,12630353,9,$97.61,"Mar 9, 2025"
Kevin de Bruyne,Soccer,2020,Panini Mosaic,,Peacock,"Oct 2, 2024",Ebay,wangncaa,$13.32,$21.17,12630353,9,$30.24,"Mar 9, 2025"
Christian Pulisic,Soccer,2024,Panini Prism Copa America,Auto,International Ink,"Oct 2, 2024",Ebay,wangncaa,$35.82,$21.17,12630353,8,$40.94,"Mar 9, 2025"
Cam Collier,Baseball,2023,Bowman Serling,Auto,,"Mar 23, 2024",Austin Card Show,N/A,$10.00,$18.36,12044769,10,$22.79,"Mar 24, 2025"
Sebastian Walcott,Baseball,2023,Bowman Chrome,,Pink Fuchsia Vapor /199,"Jul 5, 2024",Dallas Card Show Jul ‘24,N/A,$20.00,$20.63,12344355,10,$177.66,"Mar 24, 2025"
Marcelo Mayer,Baseball,2022,Bowman,Hi-Fi Futures,Red /5,"Jul 5, 2024",Dallas Card Show Jul ‘24,N/A,$120.00,$20.63,12344355,8,$33.19,"Mar 24, 2025"
Miguel Cabrera,Baseball,2023,Topps Finest,,Finest Moments AUTO /50,"Nov 17, 2024",Ebay,explorer_2001,$87.07,$21.17,12630353,10,$145.56,"Mar 24, 2025"
Paolo Maldini,Soccer,1985,Calcio Flash,,PSA 3,"Nov 17, 2024",Ebay,il_figuriere,$187.41,$0.00,,,$142.37,"Mar 24, 2025"
Zlatan Ibrahimovic,Soccer,2024-25,Panini Donruss Optic,Kaboom,RETURN ISSUED,"Mar 6, 2025",Ebay,murozond,$393.87,$0.00,,,$411.65,"Mar 24, 2025"
Alan Virginius,Soccer,2023-24,Topps Chrome UEFA,,Red /5 (CRACKED),"Jul 29, 2024",Ebay,murozond,$29.25,$20.63,12344355,7,$7.62,"Apr 1, 2025"
Aaron Judge,Baseball,2017,Topps,,SP - Image Variation,"Mar 10, 2025",Ebay, jacance_1,$105.00,$0.00,,,$111.78,"Apr 1, 2025"
Mike Trout,Baseball,2024,Bowman,,55 Anime,"Mar 7, 2025",Ebay,yawlenhoj,$84.98,$0.00,,,$67.01,"Apr 1, 2025"
Druw Jones,Baseball,2023,Bowman Chrome,,Aqua Shimmer /125,"Mar 23, 2024",Austin Card Show,N/A,$40.00,$18.36,12044769,10,$31.83,"May 25, 2025"
Max Clark,Baseball,2023,Bowman’s Best,Shellacked,Mini Diamond /25,"Jul 5, 2024",Dallas Card Show Jul ‘24,N/A,$220.00,$20.63,12344355,10,$280.42,"May 25, 2025"
Druw Jones,Baseball,2024,Bowman,Prospect Power-Up,Red /5,"Jul 5, 2024",Dallas Card Show Jul ‘24,N/A,$90.00,$20.63,12344355,9,$23.35,"May 25, 2025"
Ruben Santana,Baseball,2023,Bowman Chrome ,Auto #/499,Purchased as PSA 10,"Mar 4, 2024",Ebay,chleft_18,$78.77,$0.00,,,$21.02,"May 25, 2025"
Caleb Williams,Football,2024,Donruss Optic,,Silver Prize Holo,"Apr 28, 2025",Ebay,eisch033,$45.13,$22.33,,,$20.26,"May 27, 2025"
Aaron Judge,Baseball,2024,Topps Black & White,,SP - Image Variation,"Mar 13, 2025",Ebay,dcsports87,$35.87,$22.26,12997921,10,$127.61,"Jul 11, 2025"
Josue de Paula,Baseball,2023,Bowman Chrome Draft,Auto,Refractor /499 - Bought as SGC 9.5,"Mar 4, 2025",Ebay,mc_sportscards,$157.88,$22.26,12997921,10,$390.36,"Jul 12, 2025"
Elly de la Cruz,Baseball,2024,Topps Chrome Update,,SP - Image Variation,"Feb 27, 2025",Ebay,daddysiah69,$73.90,$22.26,12997921,10,$137.00,"Jul 13, 2025"
Julio Rodriguez,Baseball,2024,Topps Black & White,,SP - Image Variation,"Mar 13, 2025",Ebay,dcsports87,$30.58,$22.26,12997921,10,$18.32,"Jul 13, 2025"
Jackson Chourio,Baseball,2024,Topps Series 2,,SP - Image Variation,"Feb 28, 2025",Ebay,ded033,$43.84,$22.26,12997921,10,$74.63,"Jul 13, 2025"
Heung-Min Son,Soccer,2024-25,Panini Donruss,Auto,Blue /99,"Mar 6, 2025",Ebay,murozond,$118.50,$22.26,12997921,10,$221.85,"Jul 13, 2025"
Evan Carter,Baseball,2024,Topps Gilded,Auto,/99,"Dec 4, 2024",Lucky 7 Trade Night,N/A,$100.00,$22.26,12997921,10,$221.85,"Jul 13, 2025"
Shohei Ohtani,Baseball,2025,Topps,,Gold /2025,"Mar 10, 2025",Ebay,gulfcoastcards979,$34.91,$22.26,12997921,9,$35.18,"Jul 13, 2025"
Shohei Ohtani,Baseball,2021,Topps,,SP - Image Variation,"Mar 12, 2025",Ebay,kcfan1979,$90.67,$22.26,12997921,9,$63.12,"Jul 13, 2025"
Walker Jenkins,Baseball,2024,Bowman Chrome,Auto,,"Mar 7, 2025",Ebay,lugies1,$119.37,$22.26,12997921,9,$102.45,"Jul 13, 2025"
Kylian Mbappe,Soccer,2024-25,Panini Donruss Optic,,Blue /149,"Mar 6, 2025",Ebay,murozond,$15.49,$22.26,12997921,9,$7.92,"Jul 13, 2025"
Lawrence Butler,Baseball,2024,Topps Chrome Black,Auto,,"Mar 7, 2025",Ebay,rcmason_hobbies,$67.66,$22.26,12997921,9,$41.36,"Jul 13, 2025"
Aaron Judge,Baseball,2025,Topps,,Vintage Stock /99 ,"Mar 7, 2025",Ebay,supermesportscards,$92.00,$22.26,12997921,9,$32.25,"Jul 13, 2025"
Takefusa Kubo,Soccer,2023-24,Topps Chrome,,Black /10,"Aug 6, 2024",Ebay,murozond,$94.57,$43.52,12997921,8,$19.62,"Jul 13, 2025"
Ronald Acuña,Baseball,2021,Topps,,SP - Image Variation - Bought as a BGS 9.5,"Mar 26, 2025",Ebay,dcsports87,$24.09,$22.33,13133440,10,$41.34,"Jul 22, 2025"
James Wood,Baseball,2024,Topps Chrome Black,Auto,/199,"May 7, 2025",Ebay,hi5comicsandcards,$187.80,$22.33,13133440,10,$308.85,"Jul 22, 2025"
Pete Alonso,Baseball,2024,Topps Black & White,,SP - Image Variation,"May 7, 2025",COMC,N/A,$9.10,$22.33,13133440,10,$30.93,"Jul 22, 2025"
Shohei Ohtani,Baseball,2022,Topps Heritage,,SP - Image Variation,"Apr 3, 2025",Ebay,gregtetreault,$39.74,$22.33,13133440,9,$58.77,"Jul 22, 2025"
Ronald Acuña,Baseball,2025,Topps,,Home Field Advantage,"Apr 5, 2025",Ebay,mhic556,$31.39,$22.33,13133440,9,$33.54,"Jul 22, 2025"
Jayden Daniels,Football,2024,Donruss Optic,,Purple Shock Prism,"Apr 28, 2025",Ebay,ocos518,$80.29,$22.33,13133440,9,$21.89,"Jul 22, 2025"
Bryce Harper,Baseball,2025,Topps,,Home Field Advantage,"Mar 26, 2025",Ebay,hdr491,$38.52,$22.33,13133440,8.5,$29.86,"Jul 22, 2025"
Shohei Ohtani,Baseball,2025,Topps,,Home Field Advantage,"Apr 5, 2025",Ebay,mhic556,$93.52,$22.33,13133440,8.5,$69.98,"Jul 22, 2025"
Shohei Ohtani,Baseball,2025,Topps,,Home Field Advantage,"Apr 5, 2025",Ebay,rsp1990,$91.07,$22.33,13133440,8.5,$77.91,"Jul 22, 2025"
Aaron Judge,Baseball,2025,Topps,,Home Field Advantage,"Apr 28, 2025",Ebay,shoeboxtradingllc,$54.74,$22.33,13133440,8.5,$62.25,"Jul 22, 2025"
Ronaldinho,Soccer,2023-24,Topps Finest UEFA,SSP,Idols Gold,"Nov 12, 2024",Ebay,murozond,$304.91,$43.43,12997921,10,$877.48,"Aug 20, 2025"
Lionel Messi,Soccer,2023-24,Topps Chrome UEFA,,Shadow Etch SSP,"Mar 6, 2025",Ebay,murozond,$45.43,$22.26,12997921,10,$105.97,"Oct 9, 2025"
Walker Jenkins,Baseball,2024,Bowman Chrome,Auto,Prime Signatures,"Sep 25, 2024",Ebay,cbreez25,$170.98,$22.26,12997921,10,$319.83,"Oct 16, 2025"
Mookie Betts,Baseball,2023,Topps Stadium Club,,SP - Image Variation,"Mar 6, 2025",Ebay,coku-65,$82.54,$22.26,12997921,10,$66.65,"Oct 16, 2025"
Josue Briceño,Baseball,2025,Bowman Chrome,Auto,,"Jul 19, 2025",Ebay,Dcsports87,$65.05,$0.00,,,$34.71,"Oct 16, 2025"
Sebastian Walcott,Baseball,2024,Bowman Chrome,Auto,,"Dec 4, 2024",Lucky 7 Trade Night,N/A,$50.00,$22.26,12997921,10,$178.46,"Nov 4, 2025"
Jose Ramirez,Baseball,2024,Topps Black & White,,SP - Image Variation,"May 7, 2025",COMC,N/A,$8.90,$22.33,13133440,10,$123.30,"Dec 4, 2025"
Walker Jenkins,Baseball,2024,Bowman Sterling,,Auto /100,"Apr 5, 2025",Ebay,206seattlesports,$76.13,$22.33,13133440,10,$191.45,"Dec 23, 2025"
Walker Jenkins,Baseball,2025,Bowman Chrome,Auto,Speckle Refractor /299,"Jul 2, 2025",Ebay,mjalaw,$83.80,$30.00,13408550,10,$237.27,"Jan 4, 2026"
Elly de la Cruz,Baseball,2024,Topps Black & White,,SP - Image Variation,"Mar 29, 2025",Ebay,blazerselite,$48.86,$22.33,13133440,10,$140.64,"Jan 10, 2026"
Max Clark,Baseball,2024,Bowman Sterling,,Auto /100,"Apr 13, 2025",Ebay,5chobby,$128.82,$22.33,13133440,10,$196.14,"Jan 10, 2026"
Sebastian Walcott,Baseball,2024,Bowman Chrome,Auto,SGC 10/10,"Jul 19, 2025",Ebay,Dcsports87,$103.26,$30.00,13408550,10,$212.93,"Jan 13, 2026"
Aaron Judge,Baseball,2018,Topps Black & White,,1/1,"Mar 13, 2025",Ebay,dryfryecards,$329.85,$22.26,12997921,9,$546.00,"Feb 16, 2026"
Sebastian Walcott,Baseball,2024,Bowman Chrome,Auto,,"Jul 26, 2025",Ebay,71sc18,$72.52,$30.00,13408550,10,$171.60,"Feb 16, 2026"
Leo de Vries,Baseball,2024,Bowman Chrome,,Gold Shimmer,"Jul 21, 2025",Ebay,quickconsign,$154.80,$30.00,13408550,10,$280.80,"Feb 16, 2026"
Sebastian Walcott,Baseball,2024,Bowman Chrome,Auto,Blue Lear Refractor /150,"Jul 31, 2025",Ebay,Dcsports87,$228.94,$30.00,13408550,9,$197.60,"Feb 16, 2026"
Juan Soto,Baseball,2024,Topps Chrome Update,,Celebracion Red Refracor /5,"Jun 29, 2025",Fanatics Collect,N/A,$233.32,$30.00,13408550,9,$280.80,"Feb 16, 2026"
Mike Trout,Baseball,2025,Topps Finest,,Smashing Through,"Sep 10, 2025",Ebay,shosta,$120.70,$31.74,13653717,10,$75.48,"Feb 16, 2026"
Micah Parsons,Football,2024,Panini Mosaic,,Micro Mosaic,"Sep 2, 2025",Ebay,brador1457,$100.24,$31.74,13653717,10,$260.00,"Feb 16, 2026"
James Wood,Baseball,2025,Topps Crome,,Radiating Rookies,"Sep 5, 2025",Ebay,sports.connection,$93.63,$31.74,13653717,10,$322.40,"Feb 16, 2026"
Florian Wirtz,Soccer,2024-25,Panini Obsidian,,Color Blast,"Sep 26, 2025",Ebay,murozond,$382.13,$31.74,13653717,10,$405.60,"Feb 16, 2026"
Kylian Mbappe,Soccer,2024-25,Panini Obsidian,,White Night,"Sep 26, 2025",Ebay,murozond,$182.27,$31.74,13653717,10,$650.00,"Feb 16, 2026"
Mohamed Salah,Soccer,2024-25,Panini Select,,Stained Glass,"Sep 4, 2025",Ebay,murozond,$253.84,$31.74,13653717,9,$228.80,"Feb 16, 2026"
Heung-Min Son,Soccer,2024-25,Panini Select,,Stained Glass,"Sep 12, 2025",Ebay,tull_068,$240.85,$31.74,13653717,8,$124.80,"Feb 16, 2026"
Charles Barkley,Basketball,2019-20,Panini Court Kings,,Blank Slate,"Sep 4, 2025",Ebay,murozond,$265.74,$31.74,13653717,8,$187.20,"Feb 16, 2026"
Mookie Betts,Baseball,2023,Topps Black & White,,SP - Image Variation,"Mar 29, 2025",Ebay,famouscards21-ig-x,$26.25,$22.33,13133440,10,$57.23,"Mar 29, 2026"
Max Clark,Baseball,2024,Bowman’s Best,Auto,Auto,"Mar 4, 2025",Ebay,tull_068,$71.19,$22.26,12997921,10,$108.13,"Mar 29, 2026"
Pete Alonso,Baseball,2024,Topps Black & White,,SP - Image Variation,"May 7, 2025",COMC,N/A,$7.20,$22.33,13133440,10,$16.68,"Mar 29, 2026"
Corbin Carroll,Baseball,2023,Topps Black & White,,SP - Image Variation,"Apr 28, 2025",Ebay,platinumcoins41,$31.39,$22.33,13133440,10,$105.45,"Mar 29, 2026"
Walker Jenkins,Baseball,2024,Bowman's Best,,Best Ballers Auto /250,"Apr 28, 2025",Ebay,juliojtr123,$85.87,$22.33,13133440,10,$122.89,"Mar 29, 2026"
Josue Briceño,Baseball,2024,Bowman Chrome,Auto,,"Jul 17, 2025",Ebay,brentsbreaks88,$74.05,$30.00,13408550,10,$91.66,"Mar 29, 2026"
John Duran,Soccer,2024-25,Panini Obsidian,,Talavera /8,"Sep 8, 2025",Ebay,stlcardcollections-ig,$30.21,$31.74,13653717,10,$54.60,"Mar 29, 2026"
Ethan Nwaneri,Soccer,2024-25,Topps Chrome UEFA,,Rookie Hero,"Sep 26, 2025",Ebay,murozond,$46.56,$31.74,13653717,10,$77.26,"Mar 29, 2026"
Sebastian Walcott,Baseball,2024,Bowman Sterling,Auto,PSA 10,"Jul 21, 2025",Ebay,comc_consigment,$109.32,$0.00,,,$61.45,"Mar 29, 2026"
Jude Bellingham,Soccer,2024-25,Panini Obsidian,,Iridescent,"Sep 6, 2025",Ebay,troystock78,$101.12,$31.74,13653717,7,$63.39,"May 9, 2026"
Kylian Mbappe,Soccer,2024-25,Panini Immaculate,,Gold /10,"Jan 12, 2026",Ebay,milehighchill,$248.17,$30.80,14258767,9,$430.08,"May 21, 2026"
Arishem,Marvel,2025,Topps Chrome Marvel Studios,,Red /5,"Jan 15, 2026",Ebay,thecardplex,$52.50,$30.80,14258767,10,$88.87,"May 31, 2026"
Kylian Mbappe,Soccer,2023-24,Topps Finest UEFA,,Gold /50,"Jan 19, 2026",Ebay,murozond,$30.93,$30.80,14258767,10,$137.92,"May 31, 2026"
Star-Lord Peter Quill,Marvel,2025,Topps Chrome Marvel Studios,,Black /10,"Jan 13, 2026",Ebay,Stdwt11,$167.63,$30.80,14258767,10,$162.03,"May 31, 2026"
Jude Bellingham,Soccer,2024-25,Topps Merlin UEFA,,The Shiny SSP,"Jan 19, 2026",Ebay,murozond,$177.11,$30.80,14258767,10,$302.66,"May 31, 2026"
Vision,Marvel,2025,Topps Chrome Marvel Studios,,Red /5,"Jan 19, 2026",Ebay,nike5050,$192.51,$30.80,14258767,10,$302.71,"May 31, 2026"
Vini Jr.,Soccer,2024-25,Topps Merlin UEFA,,The Shiny SSP,"Jan 19, 2026",Ebay,murozond,$91.47,$30.80,14258767,10,$353.91,"May 31, 2026"
Aitana Bonmati,Soccer,2025,Topps Chrome UWCL UEFA ,,Rhythmic SSP,"Jan 19, 2026",Ebay,murozond,$204.38,$30.80,14258767,9,$42.62,"May 31, 2026"
Shuri ,Marvel,2025,Topps Chrome Marvel Studios,,Red /5,"Jan 19, 2026",Ebay,dcsports87,$57.90,$30.80,14258767,9,$115.15,"May 31, 2026"
Nick Kurtz,Baseball,2025,Topps Chrome Update,,SP - Image Variation,"Jan 10, 2026",Ebay,grandsalamisportscards,$130.07,$30.80,14258767,9,$63.16,"Jun 1, 2026"
Aaron Judge,Baseball,2025,Topps Chrome Update,,Celebracion,"Jan 24, 2026",Ebay,mr.fun87,$61.97,$30.80,14258767,9,$128.76,"Jun 3, 2026"
Bobby Witt Jr.,Baseball,2025,Topps Cosmic Chrome,,Supernova,"Jan 13, 2026",Ebay,ryanscards13,$121.64,$30.80,14258767,9,$135.94,"Jun 3, 2026"
Ronald Acuña Jr.,Baseball,2021,Topps,,Reverence Patch Auto - Red /5,"Aug 1, 2025",Fanatics Collect,,$234.00,$0.00,,,$200.00,"Jun 12, 2026"
Jose Altuve,Baseball,2023,Topps Dynasty,,Patch Auto /5,"Dec 6, 2024",Ebay,,$343.00,$0.00,,,$400.00,"Jun 12, 2026"
Ronald Acuña Jr.,Baseball,2025,Topps,,All Kings,"Aug 29, 2025",Ebay,,$227.01,$0.00,,,$450.00,"Jun 12, 2026"
Manny Machado,Baseball,2018,Topps Black & White,,Player color /10,"May 7, 2025",COMC,N/A,$21.25,$22.33,13133440,10,$95.00,"Jun 13, 2026"
Desire Doue,Soccer,2025-26,Topps UCC ,,Home Advantage,"May 25, 2026",Ebay,murozond,$73.86,$0.00,,,$66.74,"Jun 16, 2026"
Jose Altuve,Baseball,2025,Topps Dynasty,,Silver /5 - Special Event Baseball Leather Player Spot ($650),"Jun 18, 2026",Whatnot Break,Backyardbaseball,$234.55,$0.00,,,$1440.00,"Jun 27, 2026"
Jose Altuve,Baseball,2025,Topps Dynasty,Bronze /10 - Design B,Player Spot ($650),"Jun 18, 2026",Whatnot Break,Backyardbaseball,$234.55,$0.00,,,$169.28,"Jul 5, 2026"
Jose Altuve,Baseball,2025,Topps Dynasty,Silver /5,Player Spot ($650),"Jun 18, 2026",Whatnot Break,Backyardbaseball,$234.55,$0.00,,,$157.96,"Jul 19, 2026"
Wall-E,Disney,2025,Topps Mint,Bronze /100,,"Jun 13, 2026",Austin Card Show,N/A,$50.00,$0.00,,,$39.03,"Jul 22, 2026"
Heung-Min Son,Soccer,2025,Topps Chrome MLS,Helix,,"Jun 13, 2026",Austin Card Show,N/A,$200.00,$0.00,,,$126.47,"Aug 10, 2026"
Vini Jr.,Soccer,2023-24 ,Topps Merlin UEFA,Renaissance,,"Jun 13, 2026",Austin Card Show,N/A,$60.00,$83.74,15126041,10,$189.92,"Aug 11, 2026"
Erling Haaland,Soccer,2023-24 ,Donruss FIFA,Night Moves,,"Jun 13, 2026",Austin Card Show,N/A,$90.00,$83.74,15126041,8,$138.27,"Aug 11, 2026"
Shohei Ohtani,Baseball,2025,Topps,Gold /2025,,"Jun 13, 2026",Austin Card Show,N/A,$90.00,$83.74,15126041,9,$149.93,"Aug 18, 2026"
Shohei Ohtani,Baseball,2026,Topps,Home Advantage,Traded for Acuna/Altuve,"Jun 13, 2026",Austin Card Show,N/A,$850.00,$83.74,15126041,8,$833.50,"Aug 18, 2026"
Kylian Mbappe,Soccer,2024-25,Topps Merlin UEFA,The Shiny SSP,,"Apr 2, 2026",Ebay,borrayes19,$318.35,$37.99,14656435,10,$559.68,"Aug 23, 2026"
Thanos,Marvel,2025,Topps Chrome Marvel Studios,Black /10,,"Jan 19, 2026",Ebay,scc_consignments,$174.82,$37.99,14656435,9,$207.06,"Aug 23, 2026"
Kylian Mbappe,Soccer,2025-26,Topps UEFA UCC,Home Pitch Advantage,,"Apr 1, 2026",Ebay,murozond,$175.90,$37.99,14656435,9,$225.34,"Aug 23, 2026"
Giannis Antetokounmpo,Basketball,2025-26,Topps Cosmic Chrome,Hypernova,,"Jun 13, 2026",Austin Card Show,N/A,$30.00,$83.74,15126041,10,$117.89,"Aug 23, 2026"
Kylian Mbappe,Soccer,2025-26,Donruss Road to FIFA WC,Signature Series Auto Blue /99,,"Jun 13, 2026",Austin Card Show,N/A,$600.00,$83.74,15126041,10,$1080.00,"Aug 23, 2026"
Simba,Disney,2025,Topps Mint,Queen of Hearts /125,,"Jun 13, 2026",Austin Card Show,N/A,$200.00,$83.74,15126041,9,$165.73,"Aug 23, 2026"
Robert Lewandowski,Soccer,2025-26,Panini Donruss FIFA Road to World Cup,Kaboom!,,"Jun 9, 2026",Ebay,murozond,$300.67,$83.74,15126041,9,$265.35,"Aug 23, 2026"
Christian Pulisic,Soccer,2025-26,Panini Prism FIFA,Prizmania,,"Jun 9, 2026",Ebay,murozond,$374.51,$83.74,15126041,9,$270.57,"Aug 23, 2026"
Kimi Antonelli,Formula 1,2025,Topps Chrome Formula 1,Helmet Collection,,"May 28, 2026",Ebay,cardenforcer,$90.28,$83.74,15126041,9,$352.35,"Aug 23, 2026"
Paolo Maldini ,Soccer,1985,Calcio Flash ‘86,Rookie Card,Bought Graded,"Nov 17, 2024",Fanatics Collect,N/A,$204.00,$0.00,,,$592.41,"Aug 28, 2026"
Tom Brady,Football,2025,Topps Chrome,Ultra Violet,,"Jun 13, 2026",Austin Card Show,N/A,$1950.00,$152.75,15126041,9,$3232.32,"Aug 31, 2026"
Giannis Antetokounmpo,Basketball,2025-26,Topps Cosmic Chrome,Hypernova,,"May 25, 2026",Ebay,murozond,$77.02,$35.64,15034230,10,$138.22,"Sep 1, 2026"
LeBron James,Basketball,2024-25,Panini One and One,Blue /35,,"May 25, 2026",Ebay,murozond,$397.08,$35.64,15034230,10,$860.48,"Sep 1, 2026"
Erling Haaland,Soccer,2026,Panini Prism World Cup,Alter Ego,,"Jun 27, 2026",Lucky 7 Trade Night,N/A,$500.00,$84.28,15175291,10,$560.10,"Sep 3, 2026"
Shohei Ohtani,Baseball,2023,Topps Series 1,All Aces,1 in 2 Hobby boxes,"Mar 24, 2026",BlowoutCards,N/A,$299.90,$37.99,14656435,9,$354.09,"Sep 6, 2026"
Roman Anthony,Baseball,2026,Bowman,Etched In Glass ,,"May 27, 2026",Ebay,dcsports87,$292.26,$83.74,15126041,10,$536.80,"Sep 6, 2026"
Bukayo Saka,Soccer,2025-26,Topps Chrome UEFA CC ,Veni Vidi Vici,,"Jun 13, 2026",Austin Card Show,N/A,$280.00,$83.74,15126041,10,$1352.50,"Sep 6, 2026"
Didier Drogba,Soccer,2024-25,Topps Chrome UEFA CC ,Red Lazer Auto - Red /5,,"Jun 13, 2026",Austin Card Show,N/A,$450.00,$83.74,15126041,8,$470.53,"Sep 10, 2026"