player,category,year,setName,info,notes,purchaseDate,purchaseFrom,ebaySeller,purchasePrice
Andres Galarraga,Baseball,2017,Topps Diamond Icons,Auto /25,,"Mar 10, 2023",,,$40.72
Andres Galarraga,Baseball,2017,Topps Stadium Club,Club Power Zone  1/1,,"Feb 6, 2024",,,$80.82
Andres Galarraga,Baseball,1997,Skybox E-X 2000,Essential Credentials,,"Jun 1, 2025",,,$204.00
Andres Galarraga,Baseball,2021,Topps Stadium Club,Auto,Bought Raw,"Jun 16, 2025",,,$18.40
Andres Galarraga,Baseball,2021,Topps Stadium Club,Auto,Bought Raw,"Feb 26, 2026",,,$15.37
Andres Galarraga,Baseball,1995,Studio,Gold Plastics Stock,,"Jun 20, 2026",,,$4.25
"Andres Galarraga, Bobby Abreu",Baseball,2017,Topps Definitive,Dual Auto /35,,"Sep 13, 2024",,,$65.98
"Andres Galarraga, Omar Vizquel",Baseball,2017,Topps Definitive,Dual Auto /35,,"Nov 18, 2025",,,$47.21
Andres Gimenez,Baseball,2025,Topps Gilded Collection,Electroblack Gold /5 ,,"Jun 28, 2026",,,$20.00
Antonio (Tony) Armas,Baseball,2004,Topps Retired,Signature Edition Auto,Bought Raw,"Oct 27, 2024",,,$18.00
Bobby Abreu,Baseball,2016,Topps Dynasty,Patch Auto /5,,"Dec 9, 2024",,,$174.28
Bobby Abreu,Baseball,1997,Skybox E-X 2000,Essential Credentials,,"Oct 8, 2025",,,$226.90
Bobby Abreu,Baseball,2017,Stadium Club,Auto,Bought Raw,"Apr 4, 2026",,,$29.22
Bobby Abreu,Baseball,2017,Topps Museum Collection,Auto - Copper /50,,"Jun 9, 2026",,,$30.84
Bobby Abreu,Baseball,2006,Upper Deck SPx,WBC Winning Materials,,"Jun 20, 2026",,,$10.49
"Bobby Abreu, Magglio Ordonez ",Baseball,2001,Stadium Club,Co Signers Auto,,"Dec 18, 2025",,,$44.37
David Concepcion,Baseball,2013,Topps Archives Fan Favorites,Auto,Bought Raw,"Jan 27, 2022",,,$24.14
Elvis Andrus,Baseball,2009,Upper Deck Sweet Spot,Auto /350,,"Apr 13, 2026",,,$17.35
Felix Hernandez,Baseball,2016,Topps Dynasty,Patch Auto /10,,"Mar 24, 2025",,,$177.80
Johan Santana,Baseball,2005,Topps Finest,Auto,,"May 6, 2023",,,$43.83
Johan Santana,Baseball,2011,Topps,Hope Diamond Anniversary /60, ,"Apr 19, 2026",,,$199.00
Johan Santana,Baseball,2024,Topps Archives,Auto / Own the Game ,,"Jun 13, 2026",,,$15.00
Jose Altuve,Baseball,2018,Topps Definitive,Auto Inscription /25,,"Jun 23, 2024",,,$153.72
Jose Altuve,Baseball,2023,Topps Dynasty,WBC Patch Auto /5,,"Apr 12, 2026",,,$343.14
Jose Altuve,Baseball,2019,Topps Stadium Club,Image Variation,,"May 12, 2026",,,$49.50
Luis Aparicio,Baseball,2012,Topps Heritage,Auto / Red Ink,Bought Raw,"Mar 17, 2022",,,$148.84
Luis Aparicio,Baseball,2012,Topps Tribute,Gold Inscription 1/1,,"Sep 29, 2025",,,$301.86
Luis Aparicio,Baseball,2015,Topps Archives,Black 1/1,,"Mar 13, 2026",,,$56.85
Luis Aparicio,Baseball,2010,Topps Heritage,Clubhouse Collection Autographed Relics /25, ,"Jul 10, 2026",,,$114.44
Luis Arraez,Baseball,2023,Topps Heritage,Nickname Variation,,"Apr 13, 2026",,,$54.69
Magglio Ordoñez,Baseball,2022,Topps Archives Signature,2003 Stadium Club 1/1,,"Jun 23, 2026",,,$49.73
Miguel Cabrera,Baseball,2023,Topps Stadium Club,Image Variation,,"Apr 17, 2026",,,$27.14
Miguel Cabrera,Baseball,2018,Topps,SP / Image Variation,,"Jun 20, 2026",,,$12.00
Miguel Cabrera,Baseball,2006,Upper Deck SPx,WBC Winning Materials,,"Jun 20, 2026",,,$22.50
Omar Vizquel,Baseball,1998,Fleer Tradition,Holding Flag,,"Jun 20, 2026",,,$4.49
Ozzie Guillen,Baseball,2026,Topps Finest,Rookie Cup Anniversary Autographs, ,"Jul 13, 2026",,,$147.32
Ronald Acuña Jr.,Baseball,2021,Topps Chrome,Beisbol 1/1 Superfractor,,"Aug 29, 2025",,,$808.01
Ronald Acuña Jr.,Baseball,2025,Topps Cosmic Chrome,Supernova,Bought Raw,"Jan 13, 2026",,,$174.09
Ronald Acuña Jr.,Baseball,2020,Topps Stadium Club,Image Variation,,"Apr 20, 2026",,,$43.63
Salvador Perez,Baseball,2023,Topps,WBC Platinum 1/1,,"Aug 25, 2025",,,$183.59
William Contreras,Baseball,2021,Topps,Image Variation,,"Jun 20, 2026",,,$11.58
Willson Contreras,Baseball,2020,Topps Diamond Icons,Autographed Jumbo Patch, ,"May 25, 2026",,,$221.23
Wilyer Abreu,Baseball,2024,Topps Chrome,Lightboard Logo,,"Apr 15, 2026",,,$164.94
Salomon Rondon ,Soccer,2023-24,Panini Prizm Premier League,Black Breakaway 1/1,,"Jul 5, 2024",,,$244.09
Salomon Rondon ,Soccer,2024,Panini Prizm Copa America ,Scorers Club / Black 1/1,Bought Raw,"Aug 25, 2024",,,$109.32
Salomon Rondon ,Soccer,2025-26 ,Panini Select La Liga,Black 1/1,Bought Raw,"May 11, 2026",,,$176.66
Deyna Castellanos,Soccer,2025,Parkside NWSL,Auto,,"Jul 14, 2026",,,$9.01
Jon Aramburu,Soccer,2025-26 ,Panini Noir,Silver Frame /10,,"Jul 29, 2026",,,$30.30
Sanctum,,2019,Panini Fortnite,Crystal Shard - Epic,,"Feb 2, 2025",$164.31,,$164.31
Rust Lord,,2019,Panini Fortnite,Crystal Shard - Epic,,"Feb 9, 2025",$345.87,,$345.87
First Strike Specialist,,2019,Panini Fortnite,Crystal Shard - Rare,,"Sep 22, 2025",$147.36,,$147.36
Dusk,,2019,Panini Fortnite,Crystal Shard - Epic,,"Sep 22, 2025",$95.65,,$95.65
Tomatohead,,2019,Panini Fortnite,Crystal Shard - Epic,,"May 1, 2026",$331.69,,$331.69
Moonwalker,,2019,Panini Fortnite,Crystal Shard - Epic,,"May 17, 2026",$199.26,,$199.26
Yuletide Ranger,,2019,Panini Fortnite,Crystal Shard - Epic,,"Jul 20, 2026",$99.54,,$99.54
DJ Yonder,,2019,Panini Fortnite,Crystal Shard - Epic,Grading,"Jul 20, 2026",$94.17,,$94.17
Assault Rifle,,2019,Panini Fortnite,Crystal Shard - Epic,,"Aug 19, 2026",$687.39,,$687.39